{
    "navigationBarTitleText": "订单列表",
    "enablePullDownRefresh": true,
    "backgroundTextStyle": "dark",
    "onReachBottomDistance": 80,
    "usingComponents": {
        "order-card": "./components/orderCard/orderCard",
        "foot-slide": "../../modules/component/footSlide/footSlide",
        "tip-content": "../../modules/component/tipContent/tipContent",
        "empty-page": "../../modules/component/emptyPage/emptyPage",
        "error-page": "../../modules/component/errorPage/errorPage",
        "cancel-order-modal": "../../modules/component/cancelOrderModal/cancelOrderModal"
    }
}