{
    "navigationBarTitleText": "邀请好友 各赢红包",
    "usingComponents": {
        "data-board": "./components/dataBoard/dataBoard",
        "invited-item": "../../../modules/component/invitedItem/invitedItem",
        "modal": "../../../modules/component/modal/modal",
        "activity-rules": "../../../modules/component/activityRules/activityRules",
        "error-page": "../../../modules/component/errorPage/errorPage",
        "share-slide": "../../../modules/component/shareSlide/shareSlide"
    }
}