{
    "usingComponents": {
        "order-info": "./components/orderInfo/orderInfo",
        "order-status": "./components/orderStatus/orderStatus",
        "rider-info": "./components/riderInfo/riderInfo",
        "order-flow": "./components/orderFlow/orderFlow",
        "foot-slide": "../../modules/component/footSlide/footSlide",
        "tip-content": "../../modules/component/tipContent/tipContent",
        "error-page": "../../modules/component/errorPage/errorPage",
        "product-pay": "./components/productPay/productPay",
        "modal": "../../modules/component/modal/modal",
        "privacy-tip": "./components/privacyTip/privacyTip",
        "cancel-order-modal": "../../modules/component/cancelOrderModal/cancelOrderModal",
        "refund-status": "./components/refundStatus/refundStatus",
        "photo-card": "./components/photoCard/photoCard"
    },
    "navigationBarTitleText": "美团跑腿",
    "enablePullDownRefresh": true,
    "backgroundTextStyle": "dark"
}