{
    "navigationBarTitleText": "确认订单",
    "usingComponents": {
        "list-item": "../../../modules/component/listItem/listItem",
        "foot-slide": "../../../modules/component/footSlide/footSlide",
        "tip-content": "../../../modules/component/tipContent/tipContent",
        "time-picker": "../../../modules/component/timePicker/timePicker",
        "fee-detail": "../../../modules/component/feeDetail/feeDetail",
        "submit-footer": "../../../modules/component/submitFooter/submitFooter",
        "card-item": "../../../modules/component/cardItem/cardItem",
        "agreement-dialog": "../../../modules/component/agreementDialog/agreementDialog",
        "goods-code-switch": "../../../modules/component/goodsCodeSwitch/goodsCodeSwitch",
        "modal": "../../../modules/component/modal/modal",
        "agreement-item": "../../components/agreementItem/agreementItem"
    }
}